file,source_file,source,phrases,sample_rate,seconds,median_hf_ratio,median_transient_density,median_accompaniment_overlap,sha256
premium_come_undo_me_1.wav,come_undo_me,user_supplied_vocal_separation,8,44100,26.893,0.18811,0.04514,0.01794,bfa1c1ff09299084abb9678b2af6694ff8b6259bebebd0972aebd6a88f991c64
premium_come_undo_me_2.wav,come_undo_me,user_supplied_vocal_separation,8,44100,28.959,0.15449,0.07057,0.05055,1051eea6a70b9b068d17c16d5dba893eca384d87a2f455cf4cc9f959273e88c7
premium_come_undo_me_3.wav,come_undo_me,user_supplied_vocal_separation,8,44100,26.022,0.1423,0.05725,0.02499,64ca0e414c9a1f32cd9892311aba81862b68fb0705c1c533e781b986665e7d48
premium_come_undo_me_4.wav,come_undo_me,user_supplied_vocal_separation,8,44100,24.396,0.17767,0.05751,0.0125,b8021b1f3908ebaa740701ac846e07b170bb171e6e160c2e0ee715965e1e22c9
premium_dark_space_1.wav,dark_space,user_supplied_vocal_separation,8,44100,24.025,0.17095,0.02964,0.01454,85519be59b6b3d6b866badb680189788d32f351b04fd8be6cb2738b3eeb1cc55
premium_dark_space_2.wav,dark_space,user_supplied_vocal_separation,8,44100,28.739,0.21342,0.08403,0.0172,4e0546043bfcb6da5aa6ed0e405562e19a0c996a2675e90e1f8743c8bfa154a5
premium_dark_space_3.wav,dark_space,user_supplied_vocal_separation,8,44100,26.266,0.1705,0.06249,0.01974,7356b63b167a763037245809bb9bfff80a8f9b9f1d86a480ed222e3392139b2f
premium_dark_space_4.wav,dark_space,user_supplied_vocal_separation,8,44100,28.147,0.13744,0.00905,0.00495,320ef34e03604a4776385d5341b960de23ce913e574bac17d846aa1e3b5b1260
premium_glass_tide_a_1.wav,glass_tide_a,user_supplied_vocal_separation,8,44100,18.777,0.29689,0.07716,0.02439,9c851655c6e2a90aa34ef10ea8611e8e9624d01a272b6e004c25581305b83cc1
premium_glass_tide_a_2.wav,glass_tide_a,user_supplied_vocal_separation,8,44100,17.988,0.34165,0.09545,0.01063,db797a28ab8028abf3244f6efd01fc681562e1191338dc7a003508ece1f02885
premium_glass_tide_a_3.wav,glass_tide_a,user_supplied_vocal_separation,8,44100,17.709,0.16806,0.10781,0.04168,b1ad35236e13ec73f61065de08fdcac3ea8e51d4ed8fff03fd2864caac1ad2b4
premium_glass_tide_a_4.wav,glass_tide_a,user_supplied_vocal_separation,8,44100,24.699,0.14892,0.04236,0.01838,ba4c6e4e9858236c6c758a5673776f05ba1a4ced3721df0e70c74486718d36de
premium_glass_tide_b_1.wav,glass_tide_b,user_supplied_vocal_separation,8,44100,22.667,0.11843,0.0313,0.01854,5751e26d1e117c620c8b4d62e70a9ca98020e9ad8e919bf2b3b964c6f4c6a75e
premium_glass_tide_b_2.wav,glass_tide_b,user_supplied_vocal_separation,8,44100,25.163,0.15783,0.04531,0.0295,bb4f4f2b9f71ebbc49f078c5f29e3638a2d99f755ae40c95ffdaf41a4e49459b
premium_glass_tide_b_3.wav,glass_tide_b,user_supplied_vocal_separation,8,44100,23.073,0.12866,0.02147,0.03479,568a68bc59e086574f0872eb300841d4ed8ade5aff0714a475fa03bfc4dcd6be
premium_glass_tide_b_4.wav,glass_tide_b,user_supplied_vocal_separation,8,44100,24.478,0.02299,0.0,0.01996,deae1fde568b593dbd8cb22f4bc4d4e24911fd64c843900f34534227a2fd73fc
premium_quiet_blue_a_1.wav,quiet_blue_a,user_supplied_vocal_separation,8,44100,21.912,0.21139,0.08917,0.03759,a96f8dcb4803e8cbbd184a294bdda20170191567186b48776a29f9943c15617a
premium_quiet_blue_a_2.wav,quiet_blue_a,user_supplied_vocal_separation,8,44100,26.266,0.20349,0.0651,0.03546,dd61001333fdcf567e1737d8dc81efe704bcb63e5231a2ab41081d0b20510a80
premium_quiet_blue_a_3.wav,quiet_blue_a,user_supplied_vocal_separation,8,44100,24.698,0.2295,0.09278,0.03874,c1970528ecc91b20eec45162d7bb2502d23b36f2093b72805d9a6066b5e400f1
premium_quiet_blue_a_4.wav,quiet_blue_a,user_supplied_vocal_separation,8,44100,26.916,0.19436,0.03064,0.01742,dd86cf5a520a83182467e550aff280d821d402a79ab5e51db638410cca747423
premium_quiet_blue_b_1.wav,quiet_blue_b,user_supplied_vocal_separation,8,44100,24.756,0.19405,0.05904,0.022,e3ae12a26d9b3deb3041de8d2ba189c2db3ff951bda91becf5e9fb804d5b0303
premium_quiet_blue_b_2.wav,quiet_blue_b,user_supplied_vocal_separation,8,44100,23.526,0.17994,0.08724,0.02688,f3baa87e32340691410740f1b5ae27da94318de43826412511ae85388b4c8b39
premium_quiet_blue_b_3.wav,quiet_blue_b,user_supplied_vocal_separation,8,44100,24.896,0.15173,0.07026,0.02338,dab63e1d0ae2f09ed9bcb74811643495169f332d714d8f9f883abdaae393f712
premium_quiet_blue_b_4.wav,quiet_blue_b,user_supplied_vocal_separation,8,44100,23.537,0.17912,0.0528,0.02945,046808b431ec646aa2ff0c139fdfaa4c28dc653aa887f61eff866484489f6b6a
